Type,Name,Request Count,Failure Count,Median Response Time,Average Response Time,Min Response Time,Max Response Time,Average Content Size,Requests/s,Failures/s,50%,66%,75%,80%,90%,95%,98%,99%,99.9%,99.99%,100%
POST,/predict,77,0,33,35.82209250653958,21.70095899964508,113.87224000009155,69.0,1.3172705340314477,0.0,33,34,36,37,43,58,110,110,110,110,110
,Aggregated,77,0,33,35.82209250653958,21.70095899964508,113.87224000009155,69.0,1.3172705340314477,0.0,33,34,36,37,43,58,110,110,110,110,110
